ID,Nombre,Edad,Carrera,Nota
1,Estudiante_1,24,Arquitectura,2.89
2,Estudiante_2,21,Medicina,1.74
3,Estudiante_3,28,Ingeniería,0.8
4,Estudiante_4,25,Medicina,3.02
5,Estudiante_5,22,Medicina,1.59
6,Estudiante_6,24,Administración,4.33
7,Estudiante_7,27,Arquitectura,4.97
8,Estudiante_8,20,Derecho,3.76
9,Estudiante_9,24,Arquitectura,0.45
10,Estudiante_10,28,Arquitectura,1.44
11,Estudiante_11,28,Medicina,0.55
12,Estudiante_12,25,Arquitectura,3.25
13,Estudiante_13,22,Ingeniería,3.83
14,Estudiante_14,21,Medicina,4.63
15,Estudiante_15,25,Ingeniería,2.19
16,Estudiante_16,25,Derecho,4.51
17,Estudiante_17,20,Medicina,4.39
18,Estudiante_18,23,Derecho,1.59
19,Estudiante_19,22,Medicina,4.34
20,Estudiante_20,19,Administración,1.88
21,Estudiante_21,25,Arquitectura,1.48
22,Estudiante_22,29,Administración,3.25
23,Estudiante_23,23,Derecho,1.64
24,Estudiante_24,19,Arquitectura,3.15
25,Estudiante_25,29,Medicina,3.05
26,Estudiante_26,22,Arquitectura,2.82
27,Estudiante_27,18,Ingeniería,1.9
28,Estudiante_28,29,Arquitectura,2.74
29,Estudiante_29,27,Ingeniería,2.98
30,Estudiante_30,23,Arquitectura,2.73
31,Estudiante_31,29,Ingeniería,2.22
32,Estudiante_32,26,Derecho,0.07
33,Estudiante_33,18,Administración,2.94
34,Estudiante_34,28,Medicina,0.84
35,Estudiante_35,28,Arquitectura,3.21
36,Estudiante_36,27,Administración,3.8
37,Estudiante_37,29,Medicina,2.5
38,Estudiante_38,29,Medicina,2.71
39,Estudiante_39,20,Ingeniería,4.76
40,Estudiante_40,29,Derecho,4.24
41,Estudiante_41,24,Derecho,4.57
42,Estudiante_42,21,Administración,4.07
43,Estudiante_43,26,Derecho,0.54
44,Estudiante_44,20,Arquitectura,0.74
45,Estudiante_45,22,Derecho,2.63
46,Estudiante_46,20,Administración,1.23
47,Estudiante_47,24,Derecho,2.38
48,Estudiante_48,22,Arquitectura,1.97
49,Estudiante_49,26,Ingeniería,2.75
50,Estudiante_50,24,Administración,3.73
51,Estudiante_51,19,Ingeniería,3.58
52,Estudiante_52,21,Ingeniería,2.61
53,Estudiante_53,26,Ingeniería,4.11
54,Estudiante_54,29,Medicina,2.15
55,Estudiante_55,19,Medicina,4.48
56,Estudiante_56,27,Ingeniería,0.36
57,Estudiante_57,26,Administración,4.77
58,Estudiante_58,27,Arquitectura,3.27
59,Estudiante_59,22,Arquitectura,1.9
60,Estudiante_60,19,Derecho,0.99
61,Estudiante_61,21,Administración,2.4
62,Estudiante_62,29,Medicina,0.97
63,Estudiante_63,29,Ingeniería,0.83
64,Estudiante_64,24,Derecho,3.09
65,Estudiante_65,29,Arquitectura,2.62
66,Estudiante_66,25,Medicina,3.35
67,Estudiante_67,20,Medicina,4.65
68,Estudiante_68,18,Ingeniería,2.66
69,Estudiante_69,21,Arquitectura,2.9
70,Estudiante_70,19,Administración,0.45
71,Estudiante_71,25,Medicina,3.59
72,Estudiante_72,21,Ingeniería,2.0
73,Estudiante_73,19,Administración,4.88
74,Estudiante_74,23,Arquitectura,4.12
75,Estudiante_75,23,Medicina,2.61
76,Estudiante_76,27,Administración,0.62
77,Estudiante_77,21,Administración,4.3
78,Estudiante_78,23,Administración,4.0
79,Estudiante_79,19,Medicina,0.92
80,Estudiante_80,27,Medicina,1.48
81,Estudiante_81,29,Derecho,3.97
82,Estudiante_82,19,Arquitectura,0.93
83,Estudiante_83,27,Ingeniería,4.59
84,Estudiante_84,21,Administración,2.12
85,Estudiante_85,25,Derecho,0.44
86,Estudiante_86,24,Ingeniería,4.08
87,Estudiante_87,29,Derecho,1.87
88,Estudiante_88,26,Medicina,2.63
89,Estudiante_89,25,Administración,0.56
90,Estudiante_90,22,Ingeniería,0.01
91,Estudiante_91,19,Ingeniería,3.19
92,Estudiante_92,22,Ingeniería,2.58
93,Estudiante_93,25,Ingeniería,2.97
94,Estudiante_94,27,Ingeniería,3.97
95,Estudiante_95,26,Derecho,3.23
96,Estudiante_96,29,Administración,0.87
97,Estudiante_97,29,Medicina,1.8
98,Estudiante_98,29,Medicina,4.53
99,Estudiante_99,26,Medicina,3.85
100,Estudiante_100,18,Medicina,2.78
101,Estudiante_101,26,Derecho,1.28
102,Estudiante_102,24,Arquitectura,1.51
103,Estudiante_103,26,Administración,3.66
104,Estudiante_104,25,Ingeniería,4.26
105,Estudiante_105,18,Arquitectura,3.36
106,Estudiante_106,29,Medicina,4.05
107,Estudiante_107,25,Arquitectura,3.83
108,Estudiante_108,25,Administración,0.75
109,Estudiante_109,28,Ingeniería,2.12
110,Estudiante_110,20,Ingeniería,0.76
111,Estudiante_111,18,Administración,1.18
112,Estudiante_112,25,Administración,4.35
113,Estudiante_113,20,Medicina,2.36
114,Estudiante_114,20,Ingeniería,2.68
115,Estudiante_115,18,Arquitectura,0.89
116,Estudiante_116,28,Derecho,1.56
117,Estudiante_117,22,Derecho,1.15
118,Estudiante_118,27,Administración,1.03
119,Estudiante_119,24,Medicina,3.19
120,Estudiante_120,27,Derecho,1.28
121,Estudiante_121,26,Ingeniería,3.16
122,Estudiante_122,29,Administración,0.29
123,Estudiante_123,24,Arquitectura,0.71
124,Estudiante_124,26,Administración,1.37
125,Estudiante_125,25,Arquitectura,2.99
126,Estudiante_126,29,Administración,3.38
127,Estudiante_127,19,Administración,2.21
128,Estudiante_128,18,Administración,2.23
129,Estudiante_129,24,Arquitectura,3.62
130,Estudiante_130,24,Arquitectura,0.08
131,Estudiante_131,25,Administración,1.71
132,Estudiante_132,22,Derecho,4.09
133,Estudiante_133,20,Medicina,3.02
134,Estudiante_134,29,Medicina,1.69
135,Estudiante_135,25,Medicina,4.53
136,Estudiante_136,23,Arquitectura,3.86
137,Estudiante_137,28,Arquitectura,1.32
138,Estudiante_138,20,Derecho,3.23
139,Estudiante_139,18,Medicina,2.98
140,Estudiante_140,20,Medicina,2.01
141,Estudiante_141,22,Administración,1.83
142,Estudiante_142,20,Arquitectura,1.72
143,Estudiante_143,18,Medicina,3.09
144,Estudiante_144,22,Derecho,2.21
145,Estudiante_145,27,Derecho,4.16
146,Estudiante_146,24,Medicina,3.35
147,Estudiante_147,24,Arquitectura,0.35
148,Estudiante_148,28,Derecho,3.2
149,Estudiante_149,26,Administración,1.36
150,Estudiante_150,27,Derecho,2.96
151,Estudiante_151,27,Ingeniería,3.4
152,Estudiante_152,29,Ingeniería,1.15
153,Estudiante_153,20,Arquitectura,2.28
154,Estudiante_154,24,Medicina,0.95
155,Estudiante_155,18,Arquitectura,0.26
156,Estudiante_156,21,Arquitectura,1.89
157,Estudiante_157,21,Arquitectura,1.81
158,Estudiante_158,22,Arquitectura,4.98
159,Estudiante_159,24,Administración,2.23
160,Estudiante_160,24,Administración,1.67
161,Estudiante_161,28,Derecho,2.9
162,Estudiante_162,21,Ingeniería,0.44
163,Estudiante_163,24,Arquitectura,4.81
164,Estudiante_164,28,Derecho,3.17
165,Estudiante_165,20,Ingeniería,3.77
166,Estudiante_166,23,Medicina,0.85
167,Estudiante_167,29,Administración,2.05
168,Estudiante_168,19,Ingeniería,2.11
169,Estudiante_169,27,Medicina,4.11
170,Estudiante_170,26,Ingeniería,0.01
171,Estudiante_171,22,Administración,1.5
172,Estudiante_172,23,Administración,4.91
173,Estudiante_173,29,Derecho,2.37
174,Estudiante_174,29,Arquitectura,1.91
175,Estudiante_175,29,Ingeniería,0.6
176,Estudiante_176,29,Ingeniería,4.87
177,Estudiante_177,21,Medicina,0.1
178,Estudiante_178,28,Administración,3.69
179,Estudiante_179,27,Ingeniería,3.84
180,Estudiante_180,24,Administración,1.22
181,Estudiante_181,29,Ingeniería,3.36
182,Estudiante_182,26,Derecho,0.46
183,Estudiante_183,24,Arquitectura,1.29
184,Estudiante_184,18,Ingeniería,3.94
185,Estudiante_185,18,Administración,4.32
186,Estudiante_186,26,Derecho,3.04
187,Estudiante_187,28,Ingeniería,2.53
188,Estudiante_188,26,Medicina,0.8
189,Estudiante_189,21,Arquitectura,0.32
190,Estudiante_190,26,Ingeniería,0.59
191,Estudiante_191,20,Derecho,1.14
192,Estudiante_192,24,Medicina,1.71
193,Estudiante_193,23,Derecho,1.9
194,Estudiante_194,25,Derecho,1.73
195,Estudiante_195,28,Medicina,1.2
196,Estudiante_196,26,Derecho,2.55
197,Estudiante_197,22,Medicina,4.13
198,Estudiante_198,18,Ingeniería,1.4
199,Estudiante_199,20,Medicina,4.71
200,Estudiante_200,27,Medicina,4.37
201,Estudiante_201,29,Arquitectura,0.81
202,Estudiante_202,25,Medicina,3.93
203,Estudiante_203,28,Medicina,2.87
204,Estudiante_204,23,Ingeniería,2.83
205,Estudiante_205,25,Arquitectura,1.96
206,Estudiante_206,26,Administración,2.51
207,Estudiante_207,21,Ingeniería,1.99
208,Estudiante_208,18,Ingeniería,2.7
209,Estudiante_209,18,Administración,3.14
210,Estudiante_210,27,Medicina,3.37
211,Estudiante_211,21,Derecho,2.66
212,Estudiante_212,29,Arquitectura,3.61
213,Estudiante_213,24,Derecho,0.71
214,Estudiante_214,19,Administración,1.06
215,Estudiante_215,20,Ingeniería,4.09
216,Estudiante_216,18,Ingeniería,1.61
217,Estudiante_217,22,Arquitectura,0.11
218,Estudiante_218,18,Ingeniería,0.77
219,Estudiante_219,25,Ingeniería,1.12
220,Estudiante_220,18,Arquitectura,4.79
221,Estudiante_221,28,Arquitectura,2.87
222,Estudiante_222,18,Administración,4.66
223,Estudiante_223,19,Ingeniería,2.88
224,Estudiante_224,19,Ingeniería,2.4
225,Estudiante_225,29,Administración,1.57
226,Estudiante_226,23,Medicina,3.03
227,Estudiante_227,24,Medicina,0.7
228,Estudiante_228,22,Medicina,4.49
229,Estudiante_229,18,Administración,4.15
230,Estudiante_230,18,Ingeniería,1.59
231,Estudiante_231,20,Administración,4.76
232,Estudiante_232,19,Administración,4.13
233,Estudiante_233,22,Medicina,3.33
234,Estudiante_234,29,Derecho,0.61
235,Estudiante_235,27,Ingeniería,2.39
236,Estudiante_236,23,Medicina,2.53
237,Estudiante_237,24,Derecho,1.16
238,Estudiante_238,21,Derecho,0.4
239,Estudiante_239,24,Arquitectura,3.88
240,Estudiante_240,28,Ingeniería,0.61
241,Estudiante_241,25,Derecho,2.97
242,Estudiante_242,28,Medicina,4.68
243,Estudiante_243,18,Arquitectura,4.38
244,Estudiante_244,23,Ingeniería,1.39
245,Estudiante_245,25,Administración,4.26
246,Estudiante_246,22,Medicina,0.0
247,Estudiante_247,21,Derecho,0.09
248,Estudiante_248,19,Derecho,3.01
249,Estudiante_249,23,Medicina,1.82
250,Estudiante_250,23,Derecho,1.93
251,Estudiante_251,28,Arquitectura,2.82
252,Estudiante_252,18,Ingeniería,0.96
253,Estudiante_253,26,Arquitectura,1.06
254,Estudiante_254,29,Derecho,2.42
255,Estudiante_255,28,Administración,3.77
256,Estudiante_256,23,Ingeniería,3.1
257,Estudiante_257,20,Ingeniería,1.49
258,Estudiante_258,21,Medicina,2.15
259,Estudiante_259,29,Medicina,0.85
260,Estudiante_260,28,Administración,0.37
261,Estudiante_261,21,Ingeniería,3.91
262,Estudiante_262,20,Administración,1.33
263,Estudiante_263,27,Medicina,0.89
264,Estudiante_264,20,Medicina,3.46
265,Estudiante_265,20,Ingeniería,3.09
266,Estudiante_266,21,Arquitectura,3.17
267,Estudiante_267,24,Derecho,1.14
268,Estudiante_268,21,Medicina,1.16
269,Estudiante_269,26,Medicina,1.1
270,Estudiante_270,18,Arquitectura,0.87
271,Estudiante_271,25,Arquitectura,3.28
272,Estudiante_272,24,Administración,4.24
273,Estudiante_273,19,Administración,3.62
274,Estudiante_274,25,Derecho,3.96
275,Estudiante_275,18,Derecho,2.02
276,Estudiante_276,28,Ingeniería,3.27
277,Estudiante_277,29,Administración,1.77
278,Estudiante_278,26,Medicina,2.63
279,Estudiante_279,26,Administración,2.41
280,Estudiante_280,19,Medicina,0.88
281,Estudiante_281,24,Arquitectura,1.94
282,Estudiante_282,27,Administración,4.82
283,Estudiante_283,20,Arquitectura,1.24
284,Estudiante_284,24,Derecho,0.67
285,Estudiante_285,29,Derecho,2.09
286,Estudiante_286,27,Ingeniería,3.95
287,Estudiante_287,26,Administración,2.91
288,Estudiante_288,21,Arquitectura,3.4
289,Estudiante_289,29,Medicina,0.95
290,Estudiante_290,18,Derecho,3.09
291,Estudiante_291,19,Derecho,1.62
292,Estudiante_292,18,Medicina,4.17
293,Estudiante_293,29,Arquitectura,3.15
294,Estudiante_294,22,Arquitectura,0.99
295,Estudiante_295,22,Administración,0.32
296,Estudiante_296,28,Administración,0.21
297,Estudiante_297,24,Ingeniería,1.86
298,Estudiante_298,26,Derecho,1.33
299,Estudiante_299,26,Administración,3.23
300,Estudiante_300,20,Arquitectura,2.5
301,Estudiante_301,20,Medicina,1.33
302,Estudiante_302,20,Arquitectura,0.75
303,Estudiante_303,21,Derecho,0.64
304,Estudiante_304,25,Arquitectura,4.32
305,Estudiante_305,23,Ingeniería,1.22
306,Estudiante_306,25,Derecho,3.26
307,Estudiante_307,18,Medicina,4.05
308,Estudiante_308,25,Ingeniería,3.07
309,Estudiante_309,21,Derecho,4.3
310,Estudiante_310,28,Medicina,1.96
311,Estudiante_311,18,Ingeniería,4.78
312,Estudiante_312,25,Ingeniería,0.67
313,Estudiante_313,21,Derecho,0.51
314,Estudiante_314,23,Administración,3.29
315,Estudiante_315,25,Ingeniería,4.71
316,Estudiante_316,21,Ingeniería,4.04
317,Estudiante_317,20,Medicina,0.38
318,Estudiante_318,26,Arquitectura,1.4
319,Estudiante_319,20,Derecho,4.65
320,Estudiante_320,26,Derecho,1.27
321,Estudiante_321,19,Administración,3.91
322,Estudiante_322,19,Administración,4.13
323,Estudiante_323,19,Derecho,2.48
324,Estudiante_324,23,Administración,1.93
325,Estudiante_325,20,Medicina,2.25
326,Estudiante_326,26,Derecho,1.13
327,Estudiante_327,21,Administración,4.45
328,Estudiante_328,18,Derecho,2.25
329,Estudiante_329,21,Arquitectura,4.41
330,Estudiante_330,18,Ingeniería,0.53
331,Estudiante_331,22,Derecho,4.94
332,Estudiante_332,21,Ingeniería,2.22
333,Estudiante_333,25,Administración,0.24
334,Estudiante_334,25,Ingeniería,0.19
335,Estudiante_335,24,Derecho,3.73
336,Estudiante_336,20,Arquitectura,3.3
337,Estudiante_337,18,Administración,4.01
338,Estudiante_338,18,Derecho,0.53
339,Estudiante_339,29,Administración,0.18
340,Estudiante_340,28,Medicina,2.54
341,Estudiante_341,20,Ingeniería,1.94
342,Estudiante_342,23,Medicina,2.31
343,Estudiante_343,24,Derecho,4.96
344,Estudiante_344,23,Arquitectura,4.85
345,Estudiante_345,23,Administración,4.71
346,Estudiante_346,23,Ingeniería,3.92
347,Estudiante_347,20,Administración,1.77
348,Estudiante_348,23,Derecho,2.06
349,Estudiante_349,25,Administración,2.75
350,Estudiante_350,28,Ingeniería,4.15
351,Estudiante_351,28,Derecho,0.34
352,Estudiante_352,19,Administración,2.12
353,Estudiante_353,22,Arquitectura,0.41
354,Estudiante_354,18,Derecho,2.57
355,Estudiante_355,29,Derecho,4.49
356,Estudiante_356,18,Arquitectura,3.91
357,Estudiante_357,22,Medicina,1.14
358,Estudiante_358,29,Ingeniería,4.88
359,Estudiante_359,20,Medicina,3.34
360,Estudiante_360,21,Administración,0.05
361,Estudiante_361,20,Arquitectura,1.28
362,Estudiante_362,18,Medicina,1.3
363,Estudiante_363,18,Derecho,0.35
364,Estudiante_364,29,Administración,4.8
365,Estudiante_365,29,Administración,2.39
366,Estudiante_366,22,Medicina,4.48
367,Estudiante_367,23,Medicina,1.61
368,Estudiante_368,20,Arquitectura,0.63
369,Estudiante_369,29,Ingeniería,2.37
370,Estudiante_370,26,Medicina,0.57
371,Estudiante_371,22,Medicina,2.43
372,Estudiante_372,25,Derecho,4.6
373,Estudiante_373,18,Administración,2.6
374,Estudiante_374,22,Ingeniería,3.08
375,Estudiante_375,20,Derecho,0.78
376,Estudiante_376,29,Arquitectura,0.22
377,Estudiante_377,18,Arquitectura,0.55
378,Estudiante_378,21,Medicina,2.99
379,Estudiante_379,22,Medicina,0.48
380,Estudiante_380,24,Arquitectura,1.88
381,Estudiante_381,18,Medicina,2.75
382,Estudiante_382,20,Ingeniería,1.94
383,Estudiante_383,19,Medicina,0.82
384,Estudiante_384,26,Administración,1.37
385,Estudiante_385,27,Medicina,4.64
386,Estudiante_386,23,Derecho,3.38
387,Estudiante_387,27,Ingeniería,2.48
388,Estudiante_388,20,Derecho,0.06
389,Estudiante_389,25,Derecho,4.96
390,Estudiante_390,25,Administración,3.36
391,Estudiante_391,19,Ingeniería,1.58
392,Estudiante_392,23,Ingeniería,4.4
393,Estudiante_393,24,Ingeniería,1.29
394,Estudiante_394,19,Ingeniería,2.72
395,Estudiante_395,28,Ingeniería,3.18
396,Estudiante_396,27,Administración,1.11
397,Estudiante_397,19,Medicina,4.89
398,Estudiante_398,27,Derecho,3.74
399,Estudiante_399,18,Ingeniería,2.79
400,Estudiante_400,25,Medicina,0.9
401,Estudiante_401,18,Medicina,0.27
402,Estudiante_402,26,Derecho,1.6
403,Estudiante_403,28,Administración,3.77
404,Estudiante_404,23,Arquitectura,1.35
405,Estudiante_405,24,Arquitectura,2.7
406,Estudiante_406,27,Medicina,3.64
407,Estudiante_407,24,Derecho,0.54
408,Estudiante_408,27,Arquitectura,3.43
409,Estudiante_409,20,Medicina,0.46
410,Estudiante_410,19,Administración,4.83
411,Estudiante_411,26,Arquitectura,2.44
412,Estudiante_412,25,Medicina,0.75
413,Estudiante_413,29,Medicina,1.71
414,Estudiante_414,27,Ingeniería,2.07
415,Estudiante_415,24,Administración,3.79
416,Estudiante_416,26,Ingeniería,3.72
417,Estudiante_417,21,Derecho,3.06
418,Estudiante_418,21,Ingeniería,0.53
419,Estudiante_419,18,Ingeniería,0.76
420,Estudiante_420,25,Arquitectura,0.47
421,Estudiante_421,29,Medicina,2.89
422,Estudiante_422,20,Administración,4.39
423,Estudiante_423,24,Ingeniería,2.17
424,Estudiante_424,29,Administración,0.8
425,Estudiante_425,19,Ingeniería,2.79
426,Estudiante_426,19,Derecho,4.06
427,Estudiante_427,24,Ingeniería,3.71
428,Estudiante_428,23,Arquitectura,4.41
429,Estudiante_429,20,Medicina,1.39
430,Estudiante_430,26,Derecho,0.97
431,Estudiante_431,27,Ingeniería,4.4
432,Estudiante_432,23,Administración,3.29
433,Estudiante_433,27,Derecho,1.55
434,Estudiante_434,27,Derecho,3.71
435,Estudiante_435,23,Ingeniería,4.08
436,Estudiante_436,18,Derecho,3.07
437,Estudiante_437,21,Administración,3.44
438,Estudiante_438,27,Derecho,1.88
439,Estudiante_439,23,Administración,2.69
440,Estudiante_440,23,Ingeniería,2.62
441,Estudiante_441,28,Medicina,4.24
442,Estudiante_442,29,Derecho,4.2
443,Estudiante_443,22,Medicina,4.16
444,Estudiante_444,18,Administración,0.06
445,Estudiante_445,25,Derecho,3.75
446,Estudiante_446,22,Arquitectura,3.79
447,Estudiante_447,29,Medicina,3.39
448,Estudiante_448,29,Derecho,3.78
449,Estudiante_449,29,Medicina,4.21
450,Estudiante_450,22,Derecho,2.35
451,Estudiante_451,24,Ingeniería,2.51
452,Estudiante_452,21,Medicina,0.62
453,Estudiante_453,23,Arquitectura,1.93
454,Estudiante_454,21,Arquitectura,3.22
455,Estudiante_455,20,Administración,3.9
456,Estudiante_456,24,Derecho,1.09
457,Estudiante_457,25,Medicina,0.69
458,Estudiante_458,21,Administración,3.32
459,Estudiante_459,19,Medicina,0.01
460,Estudiante_460,29,Derecho,0.89
461,Estudiante_461,27,Arquitectura,0.15
462,Estudiante_462,20,Ingeniería,0.83
463,Estudiante_463,18,Arquitectura,0.91
464,Estudiante_464,25,Administración,1.94
465,Estudiante_465,20,Ingeniería,2.01
466,Estudiante_466,29,Administración,4.37
467,Estudiante_467,27,Derecho,2.55
468,Estudiante_468,24,Ingeniería,3.62
469,Estudiante_469,27,Administración,0.52
470,Estudiante_470,22,Derecho,1.13
471,Estudiante_471,27,Arquitectura,3.51
472,Estudiante_472,22,Derecho,0.26
473,Estudiante_473,24,Medicina,2.43
474,Estudiante_474,26,Derecho,3.0
475,Estudiante_475,29,Derecho,3.01
476,Estudiante_476,22,Medicina,0.11
477,Estudiante_477,18,Administración,1.61
478,Estudiante_478,27,Administración,3.18
479,Estudiante_479,27,Derecho,0.74
480,Estudiante_480,18,Medicina,3.48
481,Estudiante_481,19,Medicina,3.73
482,Estudiante_482,23,Arquitectura,4.91
483,Estudiante_483,26,Administración,1.05
484,Estudiante_484,25,Ingeniería,4.13
485,Estudiante_485,22,Administración,2.6
486,Estudiante_486,18,Administración,1.87
487,Estudiante_487,24,Arquitectura,0.61
488,Estudiante_488,22,Ingeniería,3.68
489,Estudiante_489,23,Arquitectura,1.18
490,Estudiante_490,24,Ingeniería,1.86
491,Estudiante_491,20,Derecho,0.31
492,Estudiante_492,29,Ingeniería,4.01
493,Estudiante_493,27,Arquitectura,3.83
494,Estudiante_494,20,Administración,3.67
495,Estudiante_495,22,Ingeniería,1.5
496,Estudiante_496,23,Ingeniería,0.87
497,Estudiante_497,26,Medicina,3.19
498,Estudiante_498,29,Administración,2.48
499,Estudiante_499,22,Derecho,0.89
500,Estudiante_500,18,Arquitectura,3.43
501,Estudiante_501,21,Derecho,4.96
502,Estudiante_502,22,Administración,3.74
503,Estudiante_503,29,Ingeniería,3.7
504,Estudiante_504,27,Ingeniería,4.75
505,Estudiante_505,27,Administración,1.01
506,Estudiante_506,22,Ingeniería,2.83
507,Estudiante_507,24,Ingeniería,4.9
508,Estudiante_508,21,Ingeniería,0.83
509,Estudiante_509,18,Arquitectura,3.5
510,Estudiante_510,22,Arquitectura,2.93
511,Estudiante_511,24,Medicina,2.93
512,Estudiante_512,27,Derecho,3.49
513,Estudiante_513,27,Administración,4.65
514,Estudiante_514,23,Administración,3.91
515,Estudiante_515,22,Administración,0.28
516,Estudiante_516,21,Medicina,4.26
517,Estudiante_517,19,Arquitectura,1.13
518,Estudiante_518,21,Medicina,1.88
519,Estudiante_519,27,Administración,2.31
520,Estudiante_520,27,Derecho,2.4
521,Estudiante_521,20,Ingeniería,2.18
522,Estudiante_522,27,Arquitectura,4.69
523,Estudiante_523,18,Arquitectura,3.53
524,Estudiante_524,25,Medicina,3.16
525,Estudiante_525,22,Arquitectura,0.25
526,Estudiante_526,21,Administración,4.52
527,Estudiante_527,25,Administración,4.55
528,Estudiante_528,24,Medicina,3.9
529,Estudiante_529,19,Administración,0.04
530,Estudiante_530,18,Derecho,0.29
531,Estudiante_531,29,Medicina,1.13
532,Estudiante_532,28,Derecho,0.66
533,Estudiante_533,21,Ingeniería,1.99
534,Estudiante_534,25,Derecho,4.61
535,Estudiante_535,29,Ingeniería,2.36
536,Estudiante_536,19,Ingeniería,0.07
537,Estudiante_537,20,Derecho,1.41
538,Estudiante_538,29,Medicina,0.22
539,Estudiante_539,18,Administración,0.18
540,Estudiante_540,18,Administración,1.38
541,Estudiante_541,20,Ingeniería,1.38
542,Estudiante_542,28,Ingeniería,3.94
543,Estudiante_543,22,Medicina,4.87
544,Estudiante_544,29,Arquitectura,1.86
545,Estudiante_545,20,Derecho,2.14
546,Estudiante_546,18,Ingeniería,4.22
547,Estudiante_547,18,Administración,1.34
548,Estudiante_548,25,Medicina,0.78
549,Estudiante_549,27,Derecho,4.27
550,Estudiante_550,28,Medicina,0.23
551,Estudiante_551,29,Derecho,3.1
552,Estudiante_552,29,Derecho,2.81
553,Estudiante_553,19,Ingeniería,1.73
554,Estudiante_554,20,Medicina,1.58
555,Estudiante_555,19,Medicina,3.86
556,Estudiante_556,20,Administración,0.43
557,Estudiante_557,24,Administración,1.18
558,Estudiante_558,18,Ingeniería,3.66
559,Estudiante_559,27,Ingeniería,2.74
560,Estudiante_560,25,Arquitectura,0.64
561,Estudiante_561,27,Administración,4.41
562,Estudiante_562,27,Derecho,1.97
563,Estudiante_563,27,Medicina,4.14
564,Estudiante_564,19,Ingeniería,3.94
565,Estudiante_565,20,Medicina,3.12
566,Estudiante_566,26,Medicina,2.47
567,Estudiante_567,24,Arquitectura,4.9
568,Estudiante_568,21,Administración,0.72
569,Estudiante_569,27,Ingeniería,3.63
570,Estudiante_570,22,Medicina,0.96
571,Estudiante_571,19,Ingeniería,1.69
572,Estudiante_572,28,Derecho,1.54
573,Estudiante_573,25,Arquitectura,4.74
574,Estudiante_574,21,Derecho,4.84
575,Estudiante_575,26,Ingeniería,0.92
576,Estudiante_576,22,Ingeniería,0.11
577,Estudiante_577,26,Administración,3.6
578,Estudiante_578,21,Medicina,2.09
579,Estudiante_579,27,Medicina,0.44
580,Estudiante_580,22,Derecho,3.42
581,Estudiante_581,26,Arquitectura,2.73
582,Estudiante_582,25,Medicina,4.9
583,Estudiante_583,20,Administración,1.14
584,Estudiante_584,18,Derecho,2.02
585,Estudiante_585,20,Derecho,2.71
586,Estudiante_586,21,Administración,3.96
587,Estudiante_587,19,Arquitectura,2.74
588,Estudiante_588,18,Administración,3.06
589,Estudiante_589,24,Arquitectura,1.13
590,Estudiante_590,25,Administración,4.23
591,Estudiante_591,24,Administración,2.14
592,Estudiante_592,22,Ingeniería,0.7
593,Estudiante_593,29,Derecho,3.32
594,Estudiante_594,18,Administración,1.08
595,Estudiante_595,24,Administración,0.49
596,Estudiante_596,24,Medicina,4.31
597,Estudiante_597,26,Derecho,2.3
598,Estudiante_598,20,Medicina,3.75
599,Estudiante_599,26,Derecho,1.45
600,Estudiante_600,18,Medicina,3.93
601,Estudiante_601,18,Administración,0.56
602,Estudiante_602,21,Administración,1.78
603,Estudiante_603,26,Ingeniería,4.89
604,Estudiante_604,23,Medicina,3.97
605,Estudiante_605,28,Arquitectura,2.49
606,Estudiante_606,20,Ingeniería,1.7
607,Estudiante_607,18,Medicina,4.36
608,Estudiante_608,21,Medicina,2.72
609,Estudiante_609,29,Ingeniería,3.79
610,Estudiante_610,26,Administración,3.77
611,Estudiante_611,20,Medicina,0.09
612,Estudiante_612,29,Administración,0.63
613,Estudiante_613,26,Ingeniería,3.3
614,Estudiante_614,24,Administración,0.81
615,Estudiante_615,29,Derecho,1.28
616,Estudiante_616,21,Arquitectura,4.73
617,Estudiante_617,20,Medicina,2.8
618,Estudiante_618,27,Arquitectura,3.75
619,Estudiante_619,22,Administración,2.79
620,Estudiante_620,22,Medicina,2.76
621,Estudiante_621,20,Administración,0.47
622,Estudiante_622,29,Derecho,1.72
623,Estudiante_623,26,Ingeniería,1.41
624,Estudiante_624,21,Medicina,1.95
625,Estudiante_625,28,Derecho,3.99
626,Estudiante_626,22,Derecho,1.86
627,Estudiante_627,21,Medicina,2.26
628,Estudiante_628,22,Administración,1.99
629,Estudiante_629,24,Derecho,0.47
630,Estudiante_630,26,Arquitectura,2.21
631,Estudiante_631,24,Derecho,0.98
632,Estudiante_632,22,Administración,0.93
633,Estudiante_633,27,Administración,0.47
634,Estudiante_634,27,Arquitectura,1.78
635,Estudiante_635,24,Derecho,3.79
636,Estudiante_636,27,Administración,1.38
637,Estudiante_637,22,Medicina,1.56
638,Estudiante_638,20,Ingeniería,3.21
639,Estudiante_639,24,Ingeniería,0.98
640,Estudiante_640,28,Ingeniería,4.48
641,Estudiante_641,28,Derecho,2.6
642,Estudiante_642,19,Arquitectura,2.24
643,Estudiante_643,29,Administración,2.79
644,Estudiante_644,26,Medicina,0.83
645,Estudiante_645,27,Medicina,3.07
646,Estudiante_646,27,Derecho,1.82
647,Estudiante_647,29,Ingeniería,4.49
648,Estudiante_648,18,Derecho,0.84
649,Estudiante_649,23,Arquitectura,2.54
650,Estudiante_650,24,Arquitectura,2.99
651,Estudiante_651,25,Administración,0.17
652,Estudiante_652,27,Administración,1.82
653,Estudiante_653,26,Arquitectura,3.66
654,Estudiante_654,19,Arquitectura,4.1
655,Estudiante_655,28,Arquitectura,1.57
656,Estudiante_656,27,Derecho,3.99
657,Estudiante_657,19,Arquitectura,4.84
658,Estudiante_658,22,Medicina,4.28
659,Estudiante_659,22,Ingeniería,0.59
660,Estudiante_660,23,Arquitectura,3.7
661,Estudiante_661,20,Ingeniería,1.6
662,Estudiante_662,25,Derecho,4.94
663,Estudiante_663,18,Ingeniería,2.43
664,Estudiante_664,23,Derecho,0.61
665,Estudiante_665,21,Medicina,3.63
666,Estudiante_666,18,Derecho,1.62
667,Estudiante_667,24,Derecho,4.99
668,Estudiante_668,26,Administración,4.9
669,Estudiante_669,21,Arquitectura,3.28
670,Estudiante_670,21,Arquitectura,0.65
671,Estudiante_671,23,Medicina,3.43
672,Estudiante_672,29,Medicina,0.47
673,Estudiante_673,20,Arquitectura,0.15
674,Estudiante_674,29,Administración,4.11
675,Estudiante_675,23,Arquitectura,1.05
676,Estudiante_676,24,Administración,1.9
677,Estudiante_677,28,Medicina,4.87
678,Estudiante_678,27,Ingeniería,1.68
679,Estudiante_679,27,Medicina,1.48
680,Estudiante_680,20,Medicina,4.59
681,Estudiante_681,24,Derecho,0.55
682,Estudiante_682,20,Derecho,3.8
683,Estudiante_683,19,Derecho,4.94
684,Estudiante_684,29,Derecho,4.51
685,Estudiante_685,27,Administración,3.26
686,Estudiante_686,21,Arquitectura,1.57
687,Estudiante_687,29,Ingeniería,1.27
688,Estudiante_688,25,Medicina,4.1
689,Estudiante_689,26,Administración,4.4
690,Estudiante_690,24,Ingeniería,2.63
691,Estudiante_691,18,Administración,1.22
692,Estudiante_692,20,Administración,0.56
693,Estudiante_693,29,Medicina,0.44
694,Estudiante_694,26,Arquitectura,3.6
695,Estudiante_695,29,Derecho,2.1
696,Estudiante_696,18,Arquitectura,4.53
697,Estudiante_697,26,Medicina,3.7
698,Estudiante_698,25,Medicina,0.96
699,Estudiante_699,18,Medicina,3.07
700,Estudiante_700,23,Ingeniería,2.18
701,Estudiante_701,22,Arquitectura,2.89
702,Estudiante_702,23,Arquitectura,3.69
703,Estudiante_703,27,Administración,4.03
704,Estudiante_704,29,Administración,4.22
705,Estudiante_705,22,Administración,1.27
706,Estudiante_706,23,Medicina,0.16
707,Estudiante_707,22,Arquitectura,3.7
708,Estudiante_708,28,Medicina,0.53
709,Estudiante_709,29,Ingeniería,1.57
710,Estudiante_710,22,Administración,0.02
711,Estudiante_711,21,Medicina,3.41
712,Estudiante_712,20,Medicina,0.84
713,Estudiante_713,20,Ingeniería,3.28
714,Estudiante_714,21,Derecho,4.96
715,Estudiante_715,26,Arquitectura,0.36
716,Estudiante_716,19,Derecho,0.39
717,Estudiante_717,26,Administración,1.7
718,Estudiante_718,18,Medicina,4.33
719,Estudiante_719,18,Ingeniería,1.08
720,Estudiante_720,22,Ingeniería,1.8
721,Estudiante_721,23,Arquitectura,0.34
722,Estudiante_722,23,Derecho,3.82
723,Estudiante_723,20,Arquitectura,2.04
724,Estudiante_724,24,Medicina,3.8
725,Estudiante_725,26,Arquitectura,4.52
726,Estudiante_726,28,Ingeniería,1.16
727,Estudiante_727,29,Ingeniería,4.04
728,Estudiante_728,27,Administración,0.3
729,Estudiante_729,25,Administración,4.49
730,Estudiante_730,23,Medicina,3.25
731,Estudiante_731,29,Derecho,4.37
732,Estudiante_732,25,Arquitectura,0.0
733,Estudiante_733,29,Medicina,0.85
734,Estudiante_734,22,Administración,1.95
735,Estudiante_735,25,Arquitectura,1.9
736,Estudiante_736,27,Administración,1.13
737,Estudiante_737,29,Arquitectura,1.91
738,Estudiante_738,21,Derecho,0.64
739,Estudiante_739,27,Medicina,2.06
740,Estudiante_740,25,Arquitectura,4.01
741,Estudiante_741,27,Ingeniería,2.4
742,Estudiante_742,29,Ingeniería,0.09
743,Estudiante_743,19,Arquitectura,2.11
744,Estudiante_744,29,Arquitectura,0.14
745,Estudiante_745,29,Arquitectura,4.83
746,Estudiante_746,22,Ingeniería,0.64
747,Estudiante_747,26,Ingeniería,3.54
748,Estudiante_748,21,Arquitectura,4.86
749,Estudiante_749,28,Administración,4.13
750,Estudiante_750,23,Administración,3.5
751,Estudiante_751,18,Derecho,4.2
752,Estudiante_752,26,Medicina,4.91
753,Estudiante_753,18,Administración,3.11
754,Estudiante_754,22,Ingeniería,2.8
755,Estudiante_755,21,Administración,3.14
756,Estudiante_756,29,Derecho,2.66
757,Estudiante_757,20,Derecho,3.18
758,Estudiante_758,23,Medicina,2.25
759,Estudiante_759,19,Administración,1.09
760,Estudiante_760,20,Ingeniería,0.6
761,Estudiante_761,22,Ingeniería,0.34
762,Estudiante_762,26,Arquitectura,1.32
763,Estudiante_763,19,Ingeniería,0.23
764,Estudiante_764,27,Medicina,2.84
765,Estudiante_765,25,Medicina,1.42
766,Estudiante_766,19,Ingeniería,4.12
767,Estudiante_767,28,Ingeniería,0.37
768,Estudiante_768,22,Arquitectura,1.13
769,Estudiante_769,24,Ingeniería,3.65
770,Estudiante_770,25,Arquitectura,2.99
771,Estudiante_771,18,Arquitectura,0.32
772,Estudiante_772,23,Ingeniería,4.39
773,Estudiante_773,18,Derecho,4.39
774,Estudiante_774,19,Derecho,1.65
775,Estudiante_775,18,Arquitectura,1.7
776,Estudiante_776,28,Ingeniería,4.95
777,Estudiante_777,22,Derecho,3.13
778,Estudiante_778,27,Ingeniería,2.66
779,Estudiante_779,26,Ingeniería,4.19
780,Estudiante_780,23,Ingeniería,1.43
781,Estudiante_781,28,Administración,2.15
782,Estudiante_782,28,Ingeniería,1.34
783,Estudiante_783,18,Administración,3.95
784,Estudiante_784,18,Arquitectura,2.87
785,Estudiante_785,19,Derecho,3.29
786,Estudiante_786,26,Derecho,1.26
787,Estudiante_787,20,Derecho,1.1
788,Estudiante_788,18,Derecho,2.44
789,Estudiante_789,22,Derecho,3.69
790,Estudiante_790,24,Derecho,2.63
791,Estudiante_791,23,Derecho,0.16
792,Estudiante_792,29,Arquitectura,4.34
793,Estudiante_793,18,Ingeniería,0.32
794,Estudiante_794,22,Medicina,4.78
795,Estudiante_795,22,Administración,0.13
796,Estudiante_796,23,Medicina,3.47
797,Estudiante_797,20,Medicina,0.41
798,Estudiante_798,22,Ingeniería,4.55
799,Estudiante_799,24,Ingeniería,2.32
800,Estudiante_800,22,Ingeniería,0.69
801,Estudiante_801,22,Derecho,1.7
802,Estudiante_802,22,Arquitectura,0.82
803,Estudiante_803,27,Derecho,0.85
804,Estudiante_804,27,Arquitectura,4.74
805,Estudiante_805,20,Arquitectura,2.23
806,Estudiante_806,18,Medicina,3.94
807,Estudiante_807,22,Medicina,3.2
808,Estudiante_808,26,Arquitectura,3.38
809,Estudiante_809,18,Arquitectura,0.66
810,Estudiante_810,20,Derecho,1.17
811,Estudiante_811,21,Derecho,3.93
812,Estudiante_812,18,Medicina,4.85
813,Estudiante_813,18,Ingeniería,1.31
814,Estudiante_814,25,Arquitectura,1.36
815,Estudiante_815,19,Derecho,2.36
816,Estudiante_816,29,Medicina,4.92
817,Estudiante_817,25,Derecho,1.34
818,Estudiante_818,24,Arquitectura,2.03
819,Estudiante_819,27,Arquitectura,4.46
820,Estudiante_820,27,Administración,0.01
821,Estudiante_821,19,Ingeniería,0.2
822,Estudiante_822,23,Administración,3.02
823,Estudiante_823,23,Medicina,4.54
824,Estudiante_824,20,Derecho,1.19
825,Estudiante_825,28,Medicina,2.35
826,Estudiante_826,19,Arquitectura,2.25
827,Estudiante_827,29,Administración,2.36
828,Estudiante_828,18,Administración,3.11
829,Estudiante_829,23,Administración,2.35
830,Estudiante_830,29,Medicina,2.24
831,Estudiante_831,22,Arquitectura,2.37
832,Estudiante_832,28,Derecho,2.95
833,Estudiante_833,26,Derecho,2.69
834,Estudiante_834,18,Medicina,4.27
835,Estudiante_835,24,Administración,0.25
836,Estudiante_836,22,Ingeniería,4.17
837,Estudiante_837,22,Medicina,4.22
838,Estudiante_838,19,Medicina,1.42
839,Estudiante_839,28,Arquitectura,2.31
840,Estudiante_840,20,Derecho,2.19
841,Estudiante_841,24,Medicina,1.09
842,Estudiante_842,23,Medicina,1.98
843,Estudiante_843,29,Administración,0.22
844,Estudiante_844,19,Administración,1.39
845,Estudiante_845,23,Ingeniería,4.08
846,Estudiante_846,19,Arquitectura,1.42
847,Estudiante_847,19,Ingeniería,4.09
848,Estudiante_848,19,Administración,2.66
849,Estudiante_849,28,Derecho,4.4
850,Estudiante_850,20,Administración,2.87
851,Estudiante_851,19,Arquitectura,0.15
852,Estudiante_852,21,Administración,3.38
853,Estudiante_853,26,Arquitectura,0.22
854,Estudiante_854,23,Arquitectura,2.25
855,Estudiante_855,18,Arquitectura,4.65
856,Estudiante_856,25,Arquitectura,0.83
857,Estudiante_857,29,Arquitectura,1.95
858,Estudiante_858,24,Derecho,3.65
859,Estudiante_859,27,Ingeniería,4.41
860,Estudiante_860,20,Medicina,3.35
861,Estudiante_861,18,Ingeniería,1.29
862,Estudiante_862,22,Arquitectura,3.37
863,Estudiante_863,21,Derecho,1.48
864,Estudiante_864,27,Administración,3.59
865,Estudiante_865,25,Derecho,4.77
866,Estudiante_866,18,Arquitectura,3.61
867,Estudiante_867,27,Derecho,4.31
868,Estudiante_868,18,Derecho,0.01
869,Estudiante_869,29,Arquitectura,3.59
870,Estudiante_870,21,Derecho,4.15
871,Estudiante_871,25,Medicina,0.2
872,Estudiante_872,22,Medicina,4.36
873,Estudiante_873,19,Derecho,1.28
874,Estudiante_874,23,Administración,3.33
875,Estudiante_875,22,Arquitectura,4.0
876,Estudiante_876,19,Medicina,3.31
877,Estudiante_877,28,Administración,0.46
878,Estudiante_878,28,Derecho,2.98
879,Estudiante_879,28,Administración,2.75
880,Estudiante_880,20,Ingeniería,4.5
881,Estudiante_881,26,Medicina,2.02
882,Estudiante_882,24,Derecho,1.61
883,Estudiante_883,24,Arquitectura,3.75
884,Estudiante_884,28,Derecho,2.06
885,Estudiante_885,23,Arquitectura,3.23
886,Estudiante_886,25,Derecho,3.23
887,Estudiante_887,21,Administración,4.44
888,Estudiante_888,25,Administración,2.99
889,Estudiante_889,21,Administración,2.51
890,Estudiante_890,25,Ingeniería,0.69
891,Estudiante_891,26,Arquitectura,0.58
892,Estudiante_892,20,Administración,0.77
893,Estudiante_893,20,Ingeniería,0.86
894,Estudiante_894,28,Arquitectura,3.19
895,Estudiante_895,19,Derecho,3.7
896,Estudiante_896,27,Ingeniería,2.65
897,Estudiante_897,20,Medicina,4.15
898,Estudiante_898,20,Ingeniería,4.96
899,Estudiante_899,22,Ingeniería,4.1
900,Estudiante_900,22,Arquitectura,3.47
901,Estudiante_901,19,Derecho,2.66
902,Estudiante_902,29,Medicina,2.24
903,Estudiante_903,27,Administración,0.42
904,Estudiante_904,23,Administración,2.0
905,Estudiante_905,22,Ingeniería,4.55
906,Estudiante_906,23,Arquitectura,4.04
907,Estudiante_907,18,Arquitectura,1.08
908,Estudiante_908,22,Administración,2.33
909,Estudiante_909,26,Medicina,4.08
910,Estudiante_910,29,Derecho,0.34
911,Estudiante_911,27,Medicina,1.94
912,Estudiante_912,19,Derecho,4.26
913,Estudiante_913,18,Administración,2.02
914,Estudiante_914,27,Derecho,0.39
915,Estudiante_915,28,Arquitectura,2.71
916,Estudiante_916,26,Ingeniería,4.31
917,Estudiante_917,27,Ingeniería,2.95
918,Estudiante_918,26,Administración,1.13
919,Estudiante_919,26,Arquitectura,1.92
920,Estudiante_920,23,Medicina,2.25
921,Estudiante_921,25,Arquitectura,2.9
922,Estudiante_922,28,Ingeniería,3.8
923,Estudiante_923,18,Ingeniería,0.49
924,Estudiante_924,27,Arquitectura,4.45
925,Estudiante_925,21,Arquitectura,0.06
926,Estudiante_926,18,Ingeniería,1.85
927,Estudiante_927,25,Medicina,0.14
928,Estudiante_928,18,Administración,1.96
929,Estudiante_929,20,Administración,2.63
930,Estudiante_930,21,Arquitectura,2.56
931,Estudiante_931,25,Administración,0.83
932,Estudiante_932,23,Ingeniería,3.23
933,Estudiante_933,27,Ingeniería,0.22
934,Estudiante_934,29,Arquitectura,3.81
935,Estudiante_935,24,Arquitectura,4.73
936,Estudiante_936,25,Arquitectura,1.7
937,Estudiante_937,19,Medicina,2.59
938,Estudiante_938,27,Administración,1.89
939,Estudiante_939,28,Arquitectura,0.03
940,Estudiante_940,25,Derecho,1.93
941,Estudiante_941,20,Derecho,3.96
942,Estudiante_942,24,Ingeniería,2.98
943,Estudiante_943,20,Administración,0.51
944,Estudiante_944,24,Arquitectura,4.24
945,Estudiante_945,28,Derecho,2.66
946,Estudiante_946,29,Administración,4.21
947,Estudiante_947,19,Ingeniería,2.9
948,Estudiante_948,27,Medicina,2.8
949,Estudiante_949,23,Administración,0.53
950,Estudiante_950,20,Administración,0.84
951,Estudiante_951,20,Medicina,4.86
952,Estudiante_952,26,Administración,1.14
953,Estudiante_953,24,Ingeniería,4.89
954,Estudiante_954,22,Ingeniería,2.66
955,Estudiante_955,29,Medicina,0.68
956,Estudiante_956,27,Arquitectura,0.5
957,Estudiante_957,24,Derecho,1.04
958,Estudiante_958,26,Arquitectura,4.63
959,Estudiante_959,18,Administración,2.07
960,Estudiante_960,24,Derecho,1.98
961,Estudiante_961,23,Medicina,1.57
962,Estudiante_962,27,Medicina,0.74
963,Estudiante_963,29,Derecho,2.44
964,Estudiante_964,26,Ingeniería,0.65
965,Estudiante_965,18,Derecho,4.18
966,Estudiante_966,21,Administración,1.85
967,Estudiante_967,26,Ingeniería,1.87
968,Estudiante_968,21,Medicina,2.37
969,Estudiante_969,27,Derecho,2.22
970,Estudiante_970,20,Arquitectura,4.97
971,Estudiante_971,26,Arquitectura,2.73
972,Estudiante_972,19,Administración,0.44
973,Estudiante_973,21,Arquitectura,3.03
974,Estudiante_974,23,Derecho,0.76
975,Estudiante_975,19,Derecho,0.15
976,Estudiante_976,25,Arquitectura,4.85
977,Estudiante_977,25,Derecho,3.87
978,Estudiante_978,18,Administración,4.9
979,Estudiante_979,29,Ingeniería,2.39
980,Estudiante_980,20,Administración,2.66
981,Estudiante_981,27,Administración,0.84
982,Estudiante_982,26,Derecho,1.23
983,Estudiante_983,22,Ingeniería,4.19
984,Estudiante_984,23,Derecho,1.78
985,Estudiante_985,21,Medicina,4.13
986,Estudiante_986,27,Derecho,3.55
987,Estudiante_987,19,Derecho,0.89
988,Estudiante_988,28,Derecho,2.54
989,Estudiante_989,25,Ingeniería,3.39
990,Estudiante_990,28,Derecho,1.18
991,Estudiante_991,23,Ingeniería,4.15
992,Estudiante_992,22,Arquitectura,2.72
993,Estudiante_993,26,Medicina,0.83
994,Estudiante_994,18,Ingeniería,2.91
995,Estudiante_995,22,Arquitectura,5.0
996,Estudiante_996,23,Ingeniería,0.75
997,Estudiante_997,22,Ingeniería,4.08
998,Estudiante_998,23,Medicina,1.04
999,Estudiante_999,23,Administración,3.91
1000,Estudiante_1000,24,Administración,3.67
